anio,mes,Coquimbo,Valparaiso,Metropolitana_de_Santiago,Libertador_Gral__Bernardo_O_Higgins,Maule,Biobio,La_Araucania,Los_Rios
1989,2,0.71903267610039,0.11704545412454499,0.0282718120705361,0.0,0.724667221561892,9.17294548227987,22.595833968680395,52.2680103760357
1998,10,0.0652156866940798,0.0,0.011493288230576,0.0,0.008968385999492321,2.0896742016750802,14.702086821717698,45.1420413271093
2001,2,2.0300261408821,0.0479870128155045,0.00263422820092048,0.0,0.032163061547137994,10.7683510615471,29.465057085782398,65.57109822906571
2008,11,0.622784313764058,0.0,0.0158724833979903,0.0,1.7341680549915701,25.083557174402298,64.9016450248596,113.093488402453
2009,4,0.00806535949894026,0.0,0.00939597324436943,0.0,12.0807154738219,56.233424220313395,96.3642345117597,155.622235310478
2015,1,0.23936601379046302,0.0256168829797247,0.365453019178779,0.0,0.0119217969213741,0.0011702127596165302,0.00533130239505216,1.46281654122033
2016,3,1.41033986638744,0.17374999927925303,0.0568959731764891,0.0,0.464600666811978,15.188883002035,28.3148590815676,42.0458656355392
2020,3,0.0034509803921568103,0.000665584415584364,0.0,0.0,0.11556572379367698,12.4626994680851,28.3109367859863,73.64086563307491
1988,12,3.6053856212597104,7.68646102329692,5.764244970034231,1.35336434706295,5.67035774568316,29.855126354764103,61.4189413176723,105.088927537588
2015,12,0.27273856163438803,0.28308441702808695,0.6887919481081151,0.410341083079345,0.513311147451178,20.054594385321302,71.4964813238232,103.072700465988
2009,9,5.380522875441541,46.0663960630243,124.17848972986201,123.31043393038999,114.079010006592,109.260226006204,109.588255900421,126.2610078856
2003,1,1.03658823550624,10.1323051986756,25.9863087770923,36.6756123661071,38.3963893713451,29.4429455000035,42.712360912665794,94.6454262006498
1989,3,0.358470588143355,1.1314123403281,0.6805369142605451,4.73079069407527,17.153985021515,28.7535970642212,48.275338919945405,96.8724935319689
2000,11,4.09117647601791,13.613733766914999,38.4891443600591,39.3993178728015,33.1526207142384,46.4723737100337,82.7037014928558,122.24873397886299
2008,3,7.741222228309491,15.181704560657598,20.02199665332,17.0795503950858,8.8304409227038,14.2623670115136,34.102124903495806,81.1832685938793
2000,1,0.799379085076157,0.143084416444135,0.136979865610299,0.0854108526378639,2.48235441626556,14.563809836659802,34.5151713589903,51.961912221686795
2006,8,4.38775816847588,37.2749350283827,84.05989928853592,150.059844929303,229.26054935804402,283.09750683764196,272.243214138754,300.834508693804
1989,7,35.8743333264065,116.810032578258,142.731594348114,179.701565575415,220.705632677888,253.455132869964,278.503770013302,360.22785515994696
1984,12,0.308771243058389,0.18154220824891898,0.453523490271662,0.11134883908973599,0.563818636110142,7.48089095734015,30.2052246874818,73.68771323861999
2001,4,6.413627453759509,19.8462987217036,31.536241572975303,47.6907595996709,57.183003328802606,62.4178125236897,76.7760320069312,110.260142023249
1997,4,0.0456274508845572,4.57758116489579,16.543439591691,64.28440311195311,209.66470075407398,342.14722713511003,383.86559843599406,441.43697712033304
1997,3,4.11737908317762,5.6402922196725,11.761291940134,15.4206511887469,12.2917637412317,7.55726063143006,8.548476779100008,28.7000387842341
1982,12,0.844163397201672,0.174902596885895,4.41241610126457,4.2358604660012205,2.21919301397689,1.7297406921366298,2.8347905519456,17.6163953324005
1998,12,0.46676470616503707,0.727873377855746,5.1491946401012,4.03051162962766,28.2174459441926,25.789222094923897,46.056108101396596,62.1228552357479
2007,10,1.56407189563988,0.968490259256214,2.67850670188465,3.7863100656532,17.8921547489436,47.3558909480876,108.896862083778,213.97546542460898
1996,6,25.233751624710603,53.123847459817895,57.9478524403284,126.425116215196,176.91133106250703,178.16116355835098,171.833328229638,194.22704132829202
2015,3,25.862888923694,5.890649353214481,6.855453008992111,6.081255806416499,6.59302829553105,1.94892287268576,10.0374562028861,61.400762185877895
1992,8,51.4885685903245,95.1558441775186,100.688422737506,150.273131851078,153.85497495299,149.704567670822,137.027943700484,178.806925071302
1998,1,0.319013070912873,0.00024350650318257202,0.0101845638713981,0.00235658921012583,0.34801164574722804,4.38079122750168,19.7184843483813,49.248669292883704
2006,3,0.127941176049363,0.0371915582543263,0.19901006821943,0.625457364251447,0.74248752201568,30.0431582555162,74.915392225604,132.3113825697
1985,3,6.1660980431874295,14.593474025076098,15.922449706384802,20.0996589165325,27.5679450971315,53.21741362581861,84.630297150216,124.212997490737
2011,9,0.114169934216668,2.36409091264578,10.8890268616785,21.0063255647356,54.8534940506972,120.620951023508,185.052482819975,277.892467745207
1983,1,3.6782483672029196,11.7443506421594,14.897164413192899,6.07404651922253,24.379284539754302,74.57209442777841,89.01971072671259,98.2435141620094
2010,3,0.000320261444141662,0.00222402597571929,0.0118624160828806,0.0530542632290559,0.0254575706609275,20.6517686088114,62.8661766778578,112.63461236682699
1979,10,0.0186339869121321,0.558100646869703,10.871275198239601,14.5570077502912,11.2389018310237,51.010498717189506,121.420487422028,177.008294443135
2005,8,55.286026090110795,156.602970730175,262.204278037052,321.506883913972,370.539558842258,319.56962710238497,309.239939414356,342.45344937741004
1999,4,12.054248384907401,14.5142532564796,18.5064094248634,16.072790698487598,18.7313311250753,35.7172805952265,48.89204109305199,68.9243927716593
1986,11,0.35273202524879604,5.32113637282005,13.9668456340496,42.74995351540029,112.49711330559799,179.713304337035,234.54201056661302,270.261537537094
2020,1,3.2997973856209,2.00368506493506,6.9371476510067,6.1542790697674405,7.8755906821963295,19.518224734042498,35.9166184310739,63.3896253229974
2008,1,1.1479084994717,1.468555201226,1.7410906001725501,0.0597209301625573,4.1814475910546,17.415246021314598,37.708568135201205,61.3734108779474
2003,4,1.2166993483986202,1.3598538927957702,2.2804194637855497,2.83716279018757,13.043128102274,28.216894955711197,50.9749124269856,98.1225970117929
2016,1,1.8409607810717,4.545957803060969,10.9158221399224,12.815767415734198,13.094267895535099,16.9297606466893,30.3928484549889,44.215762273901795
2008,12,0.573006533858141,0.30194805130096397,0.9645637584843941,0.923906977786574,6.77751247878628,21.596775246110397,26.406420389569103,35.880542597413395
2002,6,79.20816345433,176.90956124392397,222.308859421903,222.80900734598302,214.47750386699903,230.733264791205,230.74759317878897,296.157377257828
2003,12,0.124627450943675,0.0663311692414346,4.46406038969305,5.91406201139786,15.3079533969949,40.1085173164276,92.9038155563715,159.285542451134
1994,3,0.217411765008191,1.39589285860201,6.86181208570081,9.012759690610471,15.7791680610567,33.619029232162106,57.5141736573149,70.88337205053921
2011,12,1.04390849688766,0.4336363672514679,0.504077181970113,0.0204186047059159,2.66029118059882,2.10384973311212,12.6328255871236,43.7122739377872
2001,11,0.0413137253592996,0.476461040300571,5.421375830932799,8.00440308661886,21.401497485137803,53.9691954838469,86.96125660683491,119.94952199379
2016,11,2.3651372489440297,4.41784091189794,5.973624159300691,6.39207751479491,15.1670049957547,26.6975465274238,62.4570677903256,97.5963952633762
1984,10,1.6530522879054799,8.993035698575632,31.8904529617937,52.544341047420104,102.298344324909,179.549301877935,272.12799654493597,336.512118948214
2013,5,59.7753986807431,114.732581089069,134.130436340434,185.615612733826,234.37450087764702,288.971342847702,289.062543882093,380.996731149442
2018,11,1.05261437987872,2.5005194794797903,10.849798643236499,21.831472857238698,54.058028356009395,106.914740729839,144.556915364552,197.28914726119302
2002,4,6.14421568772956,8.392873345810749,16.2870469883384,25.9549147383187,50.337412608840104,97.1866822293464,137.298133998269,193.081162957874
1999,1,3.67290849150006,5.140876652987361,8.21802011254125,2.32987596557815,7.788519133939201,13.011868356231698,25.776846892218103,38.4185529802505
2019,5,11.182339870248,24.809253251397802,45.925805287073096,91.0927131475404,201.74084013750098,261.04160202310396,252.16398294627498,298.521356370714
1990,4,6.381849675961571,9.28613635429556,22.804932890153605,30.3546977139259,85.634001635077,115.60101066498001,151.05628332470698,238.918384916715
2012,3,0.16448365925427696,1.31587662155946,0.656241613046435,0.0110697673734768,1.18465890395711,22.6681848188387,52.9693602549603,64.19324291337679
1982,6,101.622411734762,353.764025700557,524.592667138017,615.003363841449,545.903153214796,443.725245465624,436.893663009795,472.644483876783
2003,8,3.0998431379170297,10.650876611737301,9.522298653022501,21.8320464984391,55.876597329106396,98.03837098593408,137.503099687029,199.140671555078
1995,7,17.0979803989818,74.77623371954091,125.730050354196,245.9079534368,369.491497655478,375.110911105541,379.077958698955,396.91539983231905
1999,6,16.6334248431794,50.260194855851005,89.81214764934259,179.73452703195,304.88530812446,388.67224053119105,408.60309237663904,446.848423723719
1989,8,69.3609869639079,112.75589275979401,199.11040285609698,263.945876436455,260.532687360157,232.13294577598597,240.40734203771498,328.267596616918
1990,6,3.93434640393879,15.8217370094998,25.4016443006944,24.246310057566102,58.539775400907494,135.80695486576,226.833785243735,291.484327666211
2018,2,2.29345097637011,0.473230523178233,2.20317114333641,4.835333343208299,11.398818651372302,16.520212768874302,25.8814470609998,30.677002564265102
2000,10,1.57041829818726,13.2156493724082,15.5102516620751,13.497891451430002,16.6539600666073,48.2538364364746,86.57207925394121,157.11834621183002
2005,2,1.13789542349774,0.137678570682546,0.5004530214117029,0.00305426351783812,0.0,0.43657579640560606,3.37271896520912,6.842984498336491
2005,12,0.0112091504670436,0.00336038950201753,2.08409395883947,2.2497519390181098,29.996747118165196,56.880924212171706,62.576488993137,67.6721963118521
1985,11,0.110228757985131,1.9087337664292199,10.020587246789999,15.173519406254,31.3560066427447,65.167047939402,86.3436556610549,120.30527114868201
2015,7,41.5970326859967,72.48303575949241,125.567953109741,203.59730254180698,312.226780261454,369.045837595108,378.380274113861,510.12726173105204
2001,6,0.192379084247731,3.2627597446795296,21.7002684490243,57.106263552525206,146.451089893919,278.215020037712,355.092726243332,439.501369624175
1993,9,7.00052941183687,13.2506818107583,25.891342293096102,25.212837244096697,30.331347748860303,48.387573163560106,68.2682711171995,97.4797028386316
2017,4,0.652686273765574,7.64766230130592,38.1025334945411,54.9472402971844,61.53374369965611,71.245744717882,110.45553693749599,174.955452172331
2008,10,0.528483659294403,0.27399350639868103,4.51624163047679,8.35657363330671,12.017512488608197,35.0180319604722,56.62718201409929,90.7136951466247
2017,2,4.44050980394864,5.57404220805733,14.673758399916599,14.810279091846098,13.7531863641871,31.6418816512252,71.6128711874759,121.597545352709
1996,9,6.13911764424026,7.1522077846873,9.406191274433098,10.3731627910434,17.6035856934831,42.556775256040204,78.10019816611441,110.465167846483
2009,12,0.0222875819608472,0.000405844155844156,0.278825502986426,0.0253643409399561,1.8076539081451597,22.3781383326872,75.05447067455401,151.999896421605
1992,2,3.67160785188959,4.32587662917356,11.1814932976693,15.6117984587832,20.053261206471397,27.746469424126,42.5708682081305,67.1467313544695
2013,11,4.78873203050321,4.01663961675163,3.60021812083112,2.22537984575412,6.563901823962389,31.959075818829103,73.836199502589,129.497739018088
1995,3,0.113045751460481,0.25706168950547503,0.127516778601621,0.591767440233813,1.21181364986308,29.535265949465604,56.3506169213835,77.15165374075721
2007,12,0.729228758561163,3.4723701291270097,6.32704698284088,2.00235658543285,7.146064888022701,29.8711037585076,48.4565041048874,78.0913436061652
2007,2,3.05090849518021,10.118035725735199,21.877567115246002,30.522372171121003,47.066098148136504,59.1014428696734,54.6808682374162,60.8137726278576
1993,12,0.272333332862145,3.23298701851979,11.748506686231401,27.2973953616712,50.0527370305307,56.32944145735271,111.395552060664,144.260426582908
1990,10,2.68744444485048,14.877873367109899,21.6215939321774,25.872759719966897,33.695840269872605,55.3739893309614,90.915536985085,147.29741612515699
1999,9,45.5145947248718,100.63775985891199,139.83189607146602,194.295457541296,245.92138091736302,236.561376262218,241.084463254605,262.469844827972
2004,4,22.7617973943819,46.0150323626283,62.8623658290645,104.97275951888201,172.98103986603599,211.34257994814098,280.897494366218,407.5138768238
2000,6,112.032843069937,307.366314603137,481.12971509382993,645.515751612464,759.177712438904,702.434707012582,661.211202884392,717.735672706781
2006,7,102.704503314324,243.134204542482,329.392834989817,364.78607743137604,380.85778707037696,413.91982728876997,406.546633694976,499.8857497971799
1979,11,0.152150327440814,9.55896106610897,41.7979866687408,68.4668216779251,105.529059928983,145.963956234303,164.355689188949,190.984354280378
2006,1,3.57309803785208,3.3627759737337595,5.73295300882685,0.45316279203912496,11.6797587443577,37.4241489349528,91.33431831354049,172.727571029072
2001,9,17.4309411845614,18.6069643079551,15.046224815077199,23.57817055717,25.413369381090604,38.8846210222295,59.135978588328,107.829987070049
1997,7,34.2065294475337,59.7649350344361,70.2705367955585,122.32141099086999,180.806089937588,254.902998716273,390.992695886128,529.974159102723
2019,4,5.9130719017699995,8.77769480746046,6.953859051786389,7.04727132077827,8.875549072768552,18.788404243225397,46.4839756437957,106.38387599718399
2013,9,1.7691568644413,8.41550325842381,37.912785225366605,45.0719689420951,85.93964235477159,135.746449506029,170.227623959125,259.034353842723
2006,2,6.537392142199559,3.9114448107392,7.28966443442846,7.0805271339971,11.7200998445716,15.5966023950976,33.1317440535581,48.138126665307595
1988,5,3.1412026223647405,2.96506493190279,10.868926170688301,23.3588992683,67.2075956220833,103.98702109620899,110.830936821199,147.251446977758
2008,7,30.8868627187084,67.6659415960312,75.9452853946878,131.103333536784,206.069617133371,308.159554329324,370.699321993779,515.97583977751
2002,3,1.31205882367745,9.011996756616211,12.5202852378431,29.376992308446603,120.56895165435499,155.566735140821,168.984386865365,226.308359249618
2011,1,1.1644640491812701,3.10771102472148,7.69102350217384,6.43705427303852,25.6366805236867,53.920053173252896,80.60996953349759,107.425051780326
1992,4,26.415568620395003,48.4856168883187,84.9381543965948,83.56336441927179,107.380840196784,159.531137060612,183.24025147576802,229.846576503389
2010,9,23.074588238345605,29.5036201225049,19.1739429356312,22.735705441294304,17.2619467559542,26.518271260122,51.820243768626604,90.31031012719922
1992,11,8.73059477276272,14.625876593512402,23.058993273133396,27.4005581168241,30.970249583042804,26.6936104120092,52.82956585372029,75.8931265591959
1999,7,2.4953398731117202,15.1884415730919,32.542818838417894,55.1709921223249,92.3886772860306,123.950485297974,139.987479039212,215.803191271247
1982,3,9.11508497191118,18.1059090827967,24.802986600654997,24.9510077587394,28.0173544024866,38.4837765687324,62.606115808218206,104.438061918707
2009,7,16.2472222238779,23.089074670494398,30.533422819720002,75.04586062172591,167.721322686422,167.02573814797898,172.006496693828,201.37166680229998
2001,8,48.597169933443794,87.9313798817721,129.439748373608,191.928759777454,236.740981484412,234.42906924511502,199.708484158658,252.33988388810698
2004,7,66.3933006811765,93.48547073463341,99.273993216905,178.213178412859,261.443352900805,312.93959454272704,315.91920783804795,334.110723470841
1996,10,4.6127320250825,6.58032468461746,14.971325513250502,22.1232868582703,29.792013340603297,43.5636302695629,82.5047980916473,131.455077292075
2019,1,2.16419607815059,1.10743506227971,3.04612416347439,4.79491472576073,15.183144743386901,38.651017314259,41.3813861329775,37.415219698765505
1994,2,2.04826143894077,1.23248376686719,2.65815435969677,1.16283721051128,5.9878452584246595,13.3926861591246,22.055544541037897,55.75414731274589
1990,12,0.367908496237999,1.88535713960792,14.2936745300708,13.6236279234059,20.4142595418108,13.7150864461239,38.0205559035975,78.44509047377629
2008,8,69.1218431570951,126.562808544605,182.500369014356,243.503612275826,246.08733764622997,332.292207352659,462.682863687252,551.566808498491
2019,11,0.0115882352931924,0.0308279222869254,1.8106711383021399,4.30713179624358,7.17747087937822,27.668158259163498,66.5451256199275,133.271809131908
1991,9,25.9875882214921,63.883068115680196,102.680637551634,110.55415518708901,123.93358556522101,146.08930171804198,172.191744099114,245.594379947475
2003,10,0.009137254961906309,1.01962662148652,5.64171141210393,16.648930241710502,62.739076579469994,103.957167526509,124.068621479276,161.43408264239
2004,8,46.169437913969205,77.8592045895465,68.1222146805501,93.26164327813672,93.7683444015198,122.663517307728,141.129352781669,215.63290662543702
2013,12,0.632294116004863,0.7322564958413309,2.16135905626474,1.42378294762484,0.536896838715142,2.37817819419,13.3945316017477,39.94719649346921
2017,1,1.20200653461119,0.6074188315043489,1.06052014064169,1.12601550439474,4.04841930618953,18.5676994773936,40.551728921906204,99.87198944978941
2017,5,137.975549003501,127.865016287023,118.52947998686899,156.639922575248,140.208668970625,167.463038419155,172.49256674424402,270.70660199305803
1995,11,1.39531372434344,0.825990254639999,1.8386073805166798,2.91130231997763,4.7405490794911795,11.5247207401281,26.3747753356126,76.98693796645759
1980,5,8.103718948831741,73.7585065984107,167.818255264487,274.686837957811,399.95721271787806,556.559461248682,576.974462992893,569.967635280402
1988,7,15.8986404984009,56.9630843137766,85.3569296766448,132.75331771613997,203.911663905951,245.97095743138698,187.34921568545897,180.276744211675
2019,3,0.301111110125735,2.63392857619404,3.3578523517236296,3.2850697710763597,1.7795091539206103,17.9420412276733,37.669306949723,62.0757363353897
1993,3,0.163215687090616,4.87012976127398e-05,0.0,0.000558139557062193,2.74970049150877,44.2334973244591,90.51055594718099,233.984147113731
2005,10,7.9130718888508,17.3396753058708,23.3562416103512,31.016883706676897,27.819758762337397,38.00329123912971,52.998149300929,83.76532307706141
1991,7,61.1222483700397,117.06412343855,192.35790297488998,226.575922494341,249.89163055673802,278.642699008292,310.07067803690103,355.509469951462
2014,7,7.56681699338399,31.8215422604668,65.903741786944,112.247054225715,202.99737088969897,346.93735378346497,349.478621274392,416.007106574007
2018,1,2.54989542289229,2.8417207621425002,6.00555370139246,1.59302325877975,6.077337766273839,23.3109907263771,42.3490403587366,77.757080275267
1985,10,8.29855556380174,13.295211077604302,51.7084899574718,79.6457518703254,131.106106515335,149.148776483028,134.403884315345,133.231847679276
1991,8,7.04863398990965,14.4310551735621,15.239697974140801,26.637178316781696,45.28873540200729,94.78142287122441,145.55785963431802,243.60638252278
1980,11,4.05750326533723,2.8085714308786898,8.70317111104952,16.8508216984512,38.2291597248909,63.0903988746887,96.2642573918083,161.732493713537
1983,12,0.5400718953740461,0.0,0.0211409398623361,0.68936434184858,4.58958403877728,7.30511968230155,28.036983980082997,40.0916537499243
1981,2,6.1568758258157805,10.802743501888699,9.32167783462061,3.61172092481004,6.31918469945375,19.8386901689971,23.6240898743896,38.5133591733238
1981,4,2.57169280672458,8.39474026174224,26.9392449765547,61.075596875922606,95.630765457915,120.81673544518499,132.271241611501,159.118436640855
1982,1,1.48317646961294,0.6971753262128539,0.56768456279869,0.7574418597934091,10.5688186301455,58.01206785630671,79.1251181248754,141.020167989016
1996,4,21.909222207544698,26.389756514267503,32.5661913116506,38.467333358942106,46.4704658187765,86.1848603702606,111.62680869817899,152.55263552801202
1997,1,1.87820914926653,2.42233766239838,4.27223155470002,3.07055812897377,10.7017387567699,30.424727371675896,80.4275171202916,145.360077604151
2004,9,11.169398693359302,31.654512908551602,66.994312055959,95.75697676192881,129.03091523968598,133.913517170764,142.264067261254,198.32773904529301
2012,1,4.66554247903595,6.13517858055057,11.168422844864098,4.68705425684362,5.59069052416701,39.530033252974796,76.71918510065129,148.542622775686
1994,4,1.3686470582131698,25.882905874353,59.672214773677304,86.96744208520701,129.12079043396298,210.32617682599,199.555163671838,247.006550209775
2012,12,2.2258300658169303,19.037662326515502,48.02406041574161,88.8579379946686,144.056364408547,187.23413550600102,253.288918732689,387.554703015074
1983,11,0.383189543801682,0.1305844161853,0.22921140985750899,0.594403102647426,1.8716805312633797,2.3011768639801002,5.294904796844981,17.2667312923944
1980,12,1.0742222244321702,2.79264609786597,7.300453027122769,9.52643412078998,31.0465225149907,88.3173803687096,142.430571109397,159.48489677567198
2000,12,0.49508496797674,0.0387824675697204,0.43931207959946506,0.17567441820694,11.555840260883802,44.144680799004895,84.8141737064149,143.562997196996
1997,2,0.8795424829072809,0.328961040292467,2.7741442992033196,3.35452712857446,15.1520881988046,33.032898930159,35.746367105163,59.54294573120979
2020,4,0.556084967320259,4.66470779220778,16.033775167785198,19.795751937984498,37.3485108153078,66.76427526595741,73.8132901751713,140.076757105943
2001,7,91.2225033712932,245.58319790332297,344.106543547355,459.34776784024496,577.71826121097,607.5404853414981,538.369984936914,545.625671229005
2010,5,67.8973725960925,45.506282537014506,56.3011409596309,70.85576743192449,79.1725041045127,80.9740226218041,100.557502087072,155.09090447241002
2005,9,21.0895620726292,31.1226623151209,43.1961745099733,48.9373022626537,48.7373877079435,58.084866977752505,84.3647067178231,109.096873374564
1989,10,0.000718954263948927,0.341152598815305,6.86929530822891,17.0383100912552,30.0123876993747,50.560910875492894,75.1817440721522,103.41423778386101
2010,6,47.3870653665144,103.65426942899599,132.875067064426,207.66324020503998,256.303543941352,323.545418475537,352.86040376545503,458.50870766257697
2016,7,47.0058627879698,99.80681799603751,137.98837226509198,213.601643265125,227.318735487648,280.046795134849,289.689908529545,292.828023294454
1996,11,0.025444444410162005,0.101785714895307,0.9716610725775309,7.4302790905154,27.0531614076675,54.3760239722881,71.6867554934081,118.99307475718399
1985,12,0.10691503253735,0.0505844156814183,0.582483221861165,0.25618604330360395,1.02891014830617,2.036243346173,12.443153099967699,50.1772997582606
1986,3,0.0943071897086852,0.131477272355711,0.7358724812933258,5.415581391948139,26.550998313256397,66.51563834256311,84.09530848832141,127.96399246629801
1989,4,8.94712418452076,7.3748214347409,17.3406879174829,15.1180464717769,4.0632529091121,8.40732713776115,37.3928483927059,112.07069794706601
2018,4,0.7929934637730609,0.9266883135628101,13.148741609398199,24.4216589521068,80.9553410503114,136.480086476245,185.776047258457,256.04032274980597
2018,9,2.29636601269781,26.853555279892802,79.45661076283301,110.891984558105,193.043801817045,242.892686610526,253.34603953307004,292.924587121614
2017,8,18.8339542448667,50.5333441598462,80.2882885044853,166.62404627837,244.180041397272,350.613882967766,358.73345756676,487.91868133939204
2009,5,5.20057516737774,9.129675326808421,35.3385906299489,90.8710234087567,174.26554087989498,317.021283545393,370.56221617257796,484.006200765763
2016,5,35.1235751488629,45.566655878896796,76.9460066948961,100.714759862146,98.05515813272129,106.415751421705,100.239999880068,89.530930196284
2004,1,2.46373856135711,3.58741884241969,4.26102349059281,3.8472558120539904,2.35476705820273,2.18964095581372,9.363998469013529,26.5921705494555
2017,12,0.23628758032337502,0.0904220775035875,1.79453020246899,6.81803100959275,2.5203910194718597,14.7535372256163,51.4980882759414,117.231446850207
2014,5,2.48494117769224,22.2330032276086,59.9841441204084,134.375286522207,174.540865341161,196.509109324597,250.97147754631402,353.532545025651
2010,10,1.93939869734124,12.844691597021999,20.2373993244747,30.9545891591745,49.3450165651801,67.326828418894,112.10990853465799,156.815762236445
1983,8,70.0873921070224,102.76170458731701,99.9135234947973,141.555224928745,176.97442604103,212.224660706013,204.448423328966,273.193268985403
1983,10,0.250575162307207,0.528814937329742,7.69825502700054,9.62713178460912,11.910773699721998,46.60615023748671,97.95647369843809,134.93684747484
2020,2,0.17921568627450898,0.00370129870129866,0.0320637583892613,0.0176279069767438,0.20048252911813602,10.108503989361699,29.001987814166004,55.838888888888796
2016,8,0.23022222268255105,1.6956818150235502,19.5474329087508,35.6973178950853,67.8501413891994,154.264195576627,251.829885911324,336.484625606882
2009,3,0.32420915087770197,1.71099025910938,2.4982382566136803,0.13254263558129,0.279159734812805,14.4815691301916,34.9883320271651,76.7485012823297
1990,11,0.138209149982853,0.256038961315213,6.47441275121219,16.868542603559302,32.372196353414104,52.427686178937904,63.7840822790746,105.260633143344
1979,1,2.6419477137037,0.5870616885730631,2.44711409372609,1.6089922492673898,3.73621464099971,17.8596343045381,25.2129398252977,45.5964469934311
2004,6,10.9456274484972,43.96326307352489,65.7376340571666,115.460449408006,201.536064846147,338.084275458721,434.232932155403,572.972764678088
1998,3,7.87795424071914,5.86996753378348,7.268104030731941,1.6146046491960702,3.83861896879785,17.9910438888251,34.2625361563863,76.36250639331429
1994,6,15.8253594762372,35.369594164483,72.28609077722429,157.23341085153,273.706996676529,341.443171460578,363.372543648736,412.359677336937
1995,10,1.0278300649176,4.171672068584661,12.6575335923664,31.8725270966227,51.6952496368357,87.81655584244021,134.809413540935,183.955749363862
1982,7,64.15089543972141,128.58714314250201,219.510403063473,283.408837287371,370.15743764664705,444.83911582256894,461.643975762674,484.394405157991
1998,11,0.00444444441327862,0.0,0.269882550363073,0.047596899079260006,0.515316141326098,22.607859050656902,37.1784082021953,61.902558097543604
2014,3,2.23720261467365,5.0820941543539195,5.403087250900849,15.025209344819501,31.2800166809222,78.8543882826541,128.113099669829,172.223449588746
1988,1,0.59835294254392,0.0455681821210431,0.298909395686257,0.287953486507253,3.03189683881915,34.6016423185455,58.1585834166156,88.59263563525771
1997,8,147.162908506705,159.747824780353,170.86296980173,207.316340838292,200.59575727973703,155.406702092353,187.10693832943699,247.07328171446702
1984,2,3.0847450873004902,0.0332954545783532,0.139261744682046,0.338139533185104,9.44567387331798,55.2563563471145,85.3908681353811,132.428682406127
2005,4,5.9176535924665306,5.4817694812747,13.9877181481195,14.900387606140301,9.64888518728539,28.582307154827898,52.859329813414604,118.285245466602
1988,3,0.131320261448817,4.50904221281216,9.85392616412309,22.832434087206202,44.453985042857596,70.851595692178,104.17906324353201,143.416925208513
2007,11,1.71789542141011,3.43212661860728,7.09196307965173,8.61733334009037,10.587454256618699,12.1092154237026,34.705628318089296,70.62859171490341
1985,8,7.2748627543839,0.6890259756670369,4.759832211063809,10.621100800444,29.218735429689197,75.9500664992535,139.259870588734,191.193217127206
1983,3,0.309477123860392,0.599107142229407,1.8367449709108001,2.0028061988395303,2.68460898395138,5.6322074480394395,28.5344935523946,84.46416026862092
1981,11,0.8450130706482559,1.7001623395473602,4.5581208123894195,7.82683721757674,17.391772057569803,17.2614694136056,40.9853998761275,82.916498677059
1999,8,30.2718169474573,105.490519399767,129.266107572005,179.001379926815,232.059043217816,283.43501329422,298.656991579473,398.94453534661005
2004,10,4.08180392034522,8.85629869849941,28.076476483337,39.144666688017104,78.2314725025323,140.59156912945699,200.00981725851102,259.693992555603
1981,7,13.4698235254954,29.835811691721503,51.4744966542161,87.53744191605921,173.82618981232898,265.873510670155,274.86156905814204,325.005051999745
2004,5,4.06026797236546,14.443425326644402,19.8078355591169,36.537860503677294,38.6472961930388,38.2341954632008,25.600616897414497,33.4247803145909
2015,4,0.29214379092422804,0.0804058437223558,0.378087247471831,6.038031004819761,20.171464229036697,43.4005784696721,83.1205103293867,148.935749325025
1995,12,5.2888496778600995,2.67076299624977,5.53766778276471,1.3619379795105901,0.178560730575052,0.18313164968895604,0.146976389859073,4.67135659912577
1987,2,8.210614382181,6.8688798737137695,8.502466462458791,5.129224794098111,13.8638269594822,23.0732114364175,29.1356587856668,41.0716925012357
1992,12,0.19150980203077697,0.0179870130324906,0.58488255084161,0.545085269463963,11.543752080787199,69.3697540512744,115.80780663530199,169.197312465934
1996,5,0.39606536022977895,6.26443183544551,11.668724842969599,31.6376123857129,71.0019466444577,123.433297913125,166.508560436333,232.60683474676202
1996,1,3.81656207433518,2.20970778743277,4.19085570308536,2.9279069695072995,8.726955074398541,10.2172340401151,32.1705102784345,53.9775970049915
1981,3,0.196006535909145,1.36249999750357,2.2390771820084905,3.2067286870738303,19.7339600654638,50.9952393503899,84.20516388450791,142.798940402285
2019,7,3.3798039216523903,9.989139628149081,21.203070496327697,37.600418618668,76.7168634830418,199.795911007739,345.452879331172,461.961201985677
2000,3,0.0439411763028771,0.0,0.10941275185436598,0.0493333335532699,2.1271381006388603,20.587506645894102,67.9808682178779,106.68812673898898
1993,6,5.98382353673573,47.86011364088429,122.354664444123,278.805860747108,432.241314384981,464.930066433359,453.62259687436796,519.147778217799
2000,5,26.9820523121778,34.4024025464987,31.136124163666,37.2153023461039,65.5700582259903,83.09176198979641,119.91287136441002,167.040555554767
2003,5,64.7466535995209,82.7861851097701,95.7572650781414,126.049193697197,132.991073164091,103.041549294553,89.29980190419461,140.375710573615
1984,3,17.0936143816881,13.123831180105698,23.029899327146897,24.961581378389695,24.569534128596896,37.2121143962475,53.19057882676479,73.67983199028392
2014,12,0.153764705005668,1.8316233824430501,7.1950671211566295,10.908620161418801,31.436397710378102,29.180458739717,36.1882330563263,60.5837856102975
1983,2,5.4015555598657405,2.37042207724729,6.632751676860269,4.520077516268509,4.013319468193879,3.5706781909610297,5.40200304699053,20.329599502012698
2010,1,4.29415686041165,1.11647727640418,1.06949664721415,0.166728682512807,6.05140598901794,15.983204797861399,33.2756816336696,71.45551677575709
2017,3,0.0364183008402976,0.17797077872923397,3.02855704406326,11.853612389352,27.7734692160183,41.558696795017205,74.01296275096,94.5716021190318
1990,5,2.70839216060742,16.0025162353579,37.5189932992794,61.828093033428296,104.45679702378,177.41678187694998,288.381081684981,384.890645640765
2008,9,12.379124185890902,9.89509739812657,13.258456357404699,23.0118759177452,52.9635358483541,70.58952786567359,65.3884386947295,71.005994905181
2009,8,45.879254822418396,107.558344221734,139.102046864145,182.32671334909801,220.01170554137298,309.46315155637996,423.852185972029,566.5381658588581
1986,4,4.19034640887277,33.3028571128652,65.0215940107435,127.274666613202,206.586680540824,198.59951457064201,204.90115002576198,302.421137235577
1995,1,11.4013921487176,10.8668019446006,5.99006710653412,0.583596894500214,0.7694009998999229,7.775531914127259,42.6895658675715,91.73525843262979
1995,6,12.3239150206199,66.41811684199739,144.127148007386,246.924697627578,339.373086862675,402.38263297588304,486.31641285090797,527.852687707551
2001,10,7.02118300488158,6.19159090402838,8.94756707364081,10.692914726487,19.152895178850397,32.766748688322394,40.0107311799339,64.3412790249176
2012,2,3.78472549245248,1.55043831646031,2.03914429083617,8.05203099368617,47.5913310788832,125.714920234173,145.914455175581,222.28679609668302
2005,7,10.319215679081,38.1064123629725,62.4620469775076,128.679798386448,220.28793680886102,264.149408178127,252.755910299611,296.664457473952
1979,5,1.03909804036999,18.6092857043077,50.1871476317412,104.451550287054,143.914334238468,219.729235486781,279.409718068247,438.005116070888
2005,3,15.3475293940031,20.6447402385922,29.502952991715997,20.714015457242,18.370782030204,41.89224733063521,74.7314471544787,140.04416036482598
2007,6,69.8767712462182,114.474723791147,139.11145978326,155.661162726824,149.023776938237,173.197559899472,235.41963426483898,272.701369204262
1986,8,35.5139869502946,65.00965906118421,126.373791861054,185.69327170201998,203.90411794602198,240.476987980782,276.456679042749,366.740619925566
1992,7,21.1149084766316,19.6722402681004,36.7116611495914,67.9503567215084,103.17509975528601,128.53759966759,164.341949666264,187.44175692615002
1999,3,9.74470587249821,14.3466234021373,14.2479362505794,13.4695658824241,15.6956988606794,24.7899534020652,59.613358668307704,112.19471566251998
1997,10,41.5285294083805,71.7537011728658,92.2340266144516,152.13441855260598,213.066272830804,202.529813588934,231.05400611894902,268.78693817690703
2012,4,14.501575173622598,15.728717536895301,27.3419966029641,29.8259069827176,27.4072462477025,21.978703462063,51.09444023086571,97.4104262901523
2018,12,0.862222222180343,3.73779221189317,9.46812079817169,4.59040310265309,7.16955906552063,32.4940691744076,53.8976846275126,86.9542635639201
2012,5,22.807686274289303,73.5202759256611,108.912701478741,160.620527270413,228.10191354101002,256.836196767523,273.48848455331796,360.016601720214
2012,9,2.63310457292847,5.46331168203191,3.7992114094054705,4.876403095544309,11.656697173508402,39.2914960615812,91.241340412044,140.01277778684602
2007,8,16.101058830652,38.748295385342104,47.6346979549267,93.6942169071168,128.579234594513,156.887799156473,185.241104282864,217.690258489407
1984,4,1.5755163401316599,4.367987016917439,20.4193791738093,22.212248048116997,36.5325373992349,43.5685704743609,58.5446000676616,118.59917303573299
2018,8,2.2314705899192204,17.7254707704891,34.2410066751826,47.779007780089906,84.133976693558,143.22553182662799,196.384500990183,328.763527231931
1992,1,1.0232091545474302,0.17569805220277498,0.216409394555044,0.00967441852702651,0.32428452595231605,0.530492024134567,0.661546078404895,0.7481266174932281
1993,7,22.7968627362275,52.09055193987761,77.3481207950003,109.109550529303,135.928635633726,239.987280404314,333.31090631071,401.892610278857
2017,9,6.944725484924481,18.292646072127603,37.6084396375106,58.35031007574511,96.10214636131451,108.626023804888,115.41362528862699,146.092157782818
1993,10,2.1271568693038003,5.60527597416144,18.2151006859877,25.816496119388297,55.7450666030909,93.55798535397709,123.34229248348998,159.450982234275
1992,10,0.299281046468935,0.0833603896490939,6.32441275263668,9.64294572333957,17.3613310928353,80.47637629857721,159.521073822928,262.044160069113
1982,5,65.2423202358819,141.856525941329,180.885537230728,269.117674645712,351.735965354272,364.02166219467796,359.33325156962195,458.89727416519
2013,3,0.28205228844061,2.22858766456098,3.5009228156054504,1.39412403876005,4.3662479145254,11.9770279115343,36.4933130345268,73.3239535151834
1986,10,7.55042484415683,6.56233765501771,21.611610707820702,25.4003720148243,37.266372747508505,58.9693950072248,89.52601679898541,108.03281636201099
1994,10,1.4582091522104799,5.788360398020839,19.0012416363563,24.066682193815197,49.6511147375313,99.3691820946146,165.572779813071,186.733733608433
1991,12,5.7694575251074,19.6326461135857,50.6703355296346,72.62257362779721,111.57883530488199,115.341369646661,191.23393767241402,290.679935100467
1980,3,0.35266013138629293,0.0210551945764765,0.00620805364627166,0.65826356327811,9.5210815205854,24.0930651691049,56.53924594902389,124.3239018147
2013,6,10.262666673459199,38.2961850042467,54.5056544918342,91.17088374056559,130.348477558764,173.495359116412,206.75670210060397,298.44633065945703
1989,1,4.72775815602368,3.4461525852017902,5.06401006807417,1.13669767172993,1.93679700995146,14.7668683605387,32.958522447446605,59.56428942076611
2008,2,1.90992156609503,2.1121103938929,7.04036912482057,2.9197829437175,6.422163050276179,15.4218484003919,39.6818431504156,41.461266253961796
2014,2,1.68885621159928,8.38985389594424,17.803070451948603,7.295178298057281,3.0159317792924796,22.1861968265569,43.1574105715261,65.22801037229
1987,6,19.659797350667898,33.0531980790101,56.43137587316879,72.9969613097435,99.7585605900617,161.85085762308,239.637837197158,296.05941889760396
1984,8,15.4141764559631,47.3214610159161,69.16800335309651,116.855860575595,116.704517374023,121.549235328715,118.16674793356701,143.624845026691
1995,2,2.4407189669537996,1.28017857645687,5.5996811982969295,2.24482170753759,1.5360066564831103,1.03489361469203,2.08116526891792,14.0112015435554
1990,1,0.31241830007167,0.7814448055230659,5.03325502563193,4.985767448413401,4.6329866908366695,13.8280717984159,26.890388393983198,73.6895219595857
1980,4,96.7181830001033,160.951801894547,227.8520129287,312.417581578927,343.409825228217,318.483723528842,290.288925879799,347.28155044437403
2000,9,44.96090197548321,96.4569804730353,144.087231629647,247.16418616716302,293.57640601235903,269.70817122053603,223.22392993470902,241.217726517709
2004,3,9.72071894503692,19.2850162226271,29.7673322630409,50.2859845065331,63.8460981556262,78.9657579787234,92.246885033845,131.478979214217
2005,5,43.99102620392839,77.7115260037509,149.67058730285402,298.822232789032,426.617005219674,489.73546489756205,553.0533432622769,669.556860280591
2001,5,23.2260653619088,62.9337336986096,131.38149329319901,204.77874431758,295.138519083997,437.780844262306,398.722612414393,449.45479278170194
2015,5,0.000189542478206111,0.588051951937861,3.6548993205026603,10.4554573726284,45.714292892798795,159.279867091077,314.59753245973303,437.577273721227
1981,10,0.7148169931779109,2.2694805218420897,8.44854027355065,15.581193819711402,33.7689351123105,69.5479254608459,84.57811881455409,116.21291977244101
1990,9,18.3185751540063,47.3665097317138,82.47615794367441,106.972372105325,148.076306109817,228.46504012574502,268.125498717193,299.287894000071
2010,2,0.9243790848618921,0.36055194857143297,0.446526842829365,0.13168992280613498,16.4865557236687,71.4632846472111,94.3128712836423,152.137545287455
2013,7,11.8082352878319,22.5587824795927,26.1286241936204,81.7925580904465,175.18511646162798,182.57376314224098,190.569512558274,236.397364466073
1981,9,7.40260785013632,10.7014610473696,31.7891275330678,44.7134573781213,67.35454240218179,79.2566822006347,135.328027547995,237.384212070041
2009,10,0.39928758161666,3.52077922148799,20.891308747282,39.860387482754,85.5292680584849,152.24909569354799,239.029931433766,312.009263524097
1985,6,4.10469280993383,22.028847413959998,47.11043619352,101.34336425426399,152.66176391956998,211.933218093629,241.321279573695,374.65189988483803
1993,8,19.8583267949424,26.117727291854898,29.952432880465604,40.4695969071499,98.15861071366041,198.582539954084,212.87887283290297,210.846188705405
1991,6,136.212326870089,152.173587588521,172.21263423382,254.162666734799,264.259234537896,210.776748474608,194.162688424545,210.24205431088
2007,1,3.28035293327267,2.3778084359137797,1.27746644338605,0.6285736442940639,4.25208818939005,23.6039161932595,32.3860320376696,34.194444434587304
1994,5,6.00545751110718,41.910422065041296,73.6307046877458,118.014325654969,129.07525783926002,149.80196813826902,202.92987814770302,359.84077550212896
1994,12,0.0381437910051128,0.5124513004700859,9.46614096026193,16.2335969370465,30.092720469698502,69.4413763563684,107.40687726929501,147.675697523802
1987,7,270.43728729447497,404.70165594522103,475.46333927436206,580.155519234118,568.889825474998,482.45396244779505,421.022551502422,538.331640632886
2003,9,1.61890849599408,14.970438306352902,51.6557214812144,76.977906994487,98.9327038242892,168.108178184388,214.184356137441,299.089715588
2013,4,0.14211111110482902,1.62952922227756,6.72354025601241,3.5774883606637204,10.806846918758302,42.94164894140779,95.0519801544399,176.105374604849
1993,1,0.827882354135558,2.6187662388192,8.69407719928746,6.04756589345345,6.2530698898975094,22.4373404324213,40.325003830422396,69.106472877877
1979,7,34.6307908482777,118.340422023426,170.614261672001,301.256558251196,482.199009201888,411.270877371443,356.070480067768,424.988333532052
1979,8,9.073372550135831,49.2703085394649,130.50362406481,200.21038749753998,294.567553667776,378.10270567143203,458.753077034177,645.763591914214
2000,7,35.0951895322675,26.6917045859547,45.1591945958618,58.596186092288,83.3725040597646,133.306369680039,194.55818757044798,348.985839311467
1992,9,2.02528104695425,23.610827901146603,43.260604045535096,59.218465062814204,82.09055733006329,117.05051850258002,182.65428014611402,251.498811352161
2016,2,0.258039215220492,0.0967207788822374,0.13214765029690598,0.00668217060120069,3.22605657027399,3.3356648981373,8.74428789363004,40.096589134029
1989,12,1.85327451418525,1.1790746713371598,4.69060402578555,9.15894574319669,28.8057237986519,103.019581026219,202.140182913485,283.364871219763
2009,6,37.5586340105977,112.370421880251,142.681862415083,200.523876054158,266.329983246307,301.828803174039,275.03380782860296,302.111123393056
2010,8,9.64309803278739,11.7042532407304,17.3164765067749,36.441162834241396,107.801680471258,207.56365688811002,272.765742700697,350.37121463746104
1991,4,8.6835424812888,31.5829383328363,62.870620703537206,95.74226352780359,112.64435932521201,178.744275331497,205.10676307997798,185.954780066044
2014,9,16.863202604670903,38.7996266313962,76.0147483812883,121.37781368521799,153.78417642501302,211.73562480541,250.302833069034,312.636240956703
1980,8,13.5634444491926,20.806331154672602,27.054479882271103,41.4363100155379,80.0768468971062,184.34802534732398,269.600677728471,356.585296788573
1990,8,10.053222239645699,35.5706168413162,73.72739932361071,89.6844029862751,97.9237187856842,181.18224067890898,216.656496255705,300.744922174656
2018,10,14.5456405433966,9.06365260118981,38.336711323051205,73.20984483467521,95.09376884657209,139.626615656183,163.596991696616,216.85704170641003
1981,1,0.7399411770935149,0.890519480444733,2.6880369109051605,4.60902325076939,21.108086481987897,135.549235414951,184.82063971560902,188.188436690535
1982,8,51.8697777675258,105.176444914434,151.82177876466102,199.31516259954898,225.375424332706,248.93447476244998,280.006884781895,378.511550371037
1985,9,6.28145751742756,22.938879929579702,57.89796979955379,78.5953644124112,89.2718470251302,134.532799188127,160.452269793102,229.878255740617
1990,3,2.53083660073359,16.3732629789935,34.0683054179953,59.1348837475444,100.022612446358,113.082347101354,116.96321409273399,157.908682111006
1992,5,39.585549039155005,112.954253215294,204.049462632045,373.55727099041604,534.356389050476,617.324713960607,481.43457772690005,388.167778153136
1983,5,19.197529403705897,55.9739610591492,80.1205872561308,121.873658906212,162.240574111558,179.154082622934,193.29910880304502,226.423592027768
1984,11,6.22360784271549,11.6606655965571,21.8191107229498,21.4929146788841,28.355515793635302,31.6955851051719,56.054447801623404,87.0984237779327
1993,4,24.544071922076302,62.065308372695704,96.3107550384214,132.053224915497,119.597396050832,152.769401519857,206.897532408599,293.196498742707
2010,4,0.9692287578314449,2.4432792251796602,5.7036074005042305,6.73609303069669,8.24182196811908,16.4195079754721,39.23629853385871,82.2921318921624
2015,2,3.48356862365104,4.63670454624218,6.43716442514986,1.28812402974265,1.26876039744607,0.415013299170049,1.48162985590243,16.6554909578936
1999,10,14.093973849275502,22.180454533547202,30.9557383220468,27.8003720963648,30.6291181497685,27.197067814938602,41.7942574044175,61.36952202079829
1979,9,12.041764715100902,33.970292229544,77.7051006603561,156.477457280122,161.299858385235,158.965598360021,203.191759253311,252.733617629808
2019,2,1.05717647137133,0.49258116956848597,2.50436241219395,0.48922480986157596,2.80378536541734,11.9700465584768,20.8293678716949,31.649173115575
1994,7,50.703803885723296,94.48019467390979,178.95709738635398,267.445875537488,358.470964936369,352.010705105802,344.558316686184,367.52024500253
2001,12,2.61426796868833,1.71587661850907,2.20494967349961,0.564992248157198,0.804692180018358,0.063710106125577,4.11437166348009,24.884961218797002
1996,8,67.9396797653896,93.8028571745018,102.75734890227301,149.087240293044,164.124043272656,236.835332500174,263.500799604708,344.017273461788
1988,2,2.5546797355149997,1.6479058512426001,1.15270134119392,0.556170544377709,0.616023294936041,0.315405585237115,1.3732977930899,1.6694573677055902
2012,8,32.7858758315931,64.3789935506784,59.09583896598561,108.01037216777901,137.855416007526,160.114002785784,164.482833284144,273.316705452379
2009,1,4.272098042374,5.524172061872849,4.640604025828059,1.36365891185611,0.521797004482785,7.98287900041744,18.9306169143635,37.111382371079394
1998,9,2.85520260987767,20.990470756184003,39.7265771123387,57.6328526371209,76.03896008077359,81.4039694603453,90.1816527198855,114.031447210977
1979,3,0.255490196878517,0.0206006493074699,0.0,0.0554883720338807,0.545324459704516,14.435698135676699,28.696504193775898,66.2322479144547
2011,6,96.5696143443288,103.452840910329,97.66125817266891,143.22719363427,210.29536623328,263.48645596808603,274.985399663131,309.84436729096
1985,4,0.242261437269451,1.65928571909521,12.621191258242199,29.1007442001224,68.2420298573181,131.55190166006702,191.34444026554797,263.89930176057203
2014,10,2.86377778378334,3.27868506738118,9.39196308573158,10.7474883784619,15.2082362773266,44.79468748861171,93.73446296901079,164.0555040325
2005,6,42.0112745105441,163.993749921972,296.626091221035,418.606635373138,441.010457741837,418.41534545573796,423.44541510460704,474.37272644043
1980,10,4.59246404591363,5.73626624105813,8.883372491875651,3.5501550443181698,1.16390182936375,0.676276594837583,9.77311499357814,26.372777761415
2004,11,14.997405242915098,31.950048699007397,57.99662757399901,60.66764334449471,63.5095675035245,98.6687965088702,123.030091226873,134.25533596305002
1998,5,7.503973865769559,26.118019489888898,47.9389931896401,88.8923874374508,112.618252920827,138.199893758652,130.66558248689898,183.60447034416902
1982,2,0.8941503231395401,0.36378246596590996,0.757583889063298,2.45446511761163,13.127745434022,38.6273936394681,72.6224219052735,93.4116406650198
2014,8,10.6538758223353,44.577564957854,57.1055704107221,113.3990234375,177.620108060154,210.729295405936,203.740685404119,259.291860496659
2008,4,4.66344445305298,17.1400974009718,30.8506879212472,56.9524650810301,85.95279540000071,94.34316493348871,100.736603102789,155.020904412873
1991,2,0.232980390763507,0.0684090915027183,1.0199328912172,2.62747286674819,1.41506655522298,5.467666224810599,12.9231378368917,42.2542119543682
2007,4,4.00099346441479,2.67173701996443,17.1097315426966,18.476542670932396,38.784442567785604,129.375591777741,166.60939053189,226.40422474075
1996,3,0.0923267977446123,0.11271103971045099,0.158557047211134,3.3399534955101,33.7867886436958,70.4472274234954,97.1694059204892,147.990684558563
1984,5,15.2981895462092,98.76288961590109,164.805905770935,283.928325564362,338.981373195045,563.842274584669,580.080975430119,463.383061943744
2017,10,2.51963398239508,24.5400487025837,43.9033892906752,62.832868147266,96.31376852965391,176.157460197489,232.400030584982,313.30574903069197
1998,7,2.91551633941777,0.79576298739616,0.20149328934978797,0.0129767440548239,17.102812000431,111.117553201128,138.221942242102,190.70324272333198
1979,6,0.141156863513725,0.0,1.3971644308724298,7.37855816338529,28.7979451003368,72.50190164941421,113.48870524503,179.94983230512
1991,1,0.643888889791237,0.8001623383553872,3.2861744929542596,6.114511642232539,16.639692176300798,23.7993949521729,28.4656892661729,51.07334636471379
2006,9,0.410431372077247,4.88173701392196,31.24966445844,53.40099232843679,80.88900994064409,112.09447456928001,159.228575785652,194.75904427264703
2007,7,25.744326830894,54.44475650168079,124.632315130042,173.646480578046,232.650906732594,259.333563622008,320.21002269317796,355.92634326235003
2002,7,99.4737843158198,118.565909076047,121.60597340372601,162.913255925142,191.61204648136902,192.465525155372,191.185613186234,271.344444570615
2002,8,52.2962549483854,110.17465890537599,192.094849080847,346.471612312258,467.313203084885,410.45934167821406,301.762239292026,369.278721437282
1982,10,3.2721437810707097,19.649626631096197,54.863003465153206,89.45860468250841,170.508427678646,210.424873691924,213.907943754639,235.431589052659
1985,1,7.0160326880275,6.04048700347337,11.0764429466736,7.46209301361742,11.5038685598527,51.6081848326833,85.15036562028409,109.684974054341
2006,5,4.62906535665559,11.922564919360699,38.871191313752796,97.82624786140379,148.642404229391,185.961150494028,189.801127199172,237.204030906815
1995,5,0.26033986975603196,1.6803084411356002,13.2949496612372,28.1420000407585,35.8500415410059,73.6373869890862,110.686443166159,208.29586551479
1987,8,112.174013216979,223.682873329559,288.917717927254,334.114124836293,291.852096360852,266.834607763493,248.59322197384603,279.696408274254
1993,2,7.360718954826879,3.6013311633670897,5.83907718969284,3.48857364147439,2.6967054860024904,0.504461435966461,5.33329778688946,24.3934108317668
2011,4,0.781071894993287,7.089090915847349,27.6678187981773,85.7662946242695,107.37418471795,126.60551195702699,166.67048735665801,199.07527125159
2007,5,11.7191764686232,14.217418863401802,25.662231592523998,39.3210542161335,34.7755907244373,65.4337832686749,108.857897971299,134.406059452422
1989,6,5.07111111326399,25.3142370059119,51.4698658333529,91.17899219010229,183.743560822752,340.07574451730596,346.003991027507,381.132106238865
2006,6,33.5308562319458,78.1705843875935,126.272416370827,248.16336458191398,385.243045521259,461.29402243837404,472.661211070448,549.414741732969
2012,6,17.2631503333599,95.17995125906809,162.316577252126,271.111008033457,318.641347710582,331.583856349296,379.060510198124,426.488863370831
1988,9,12.685993453658199,21.9381331193757,25.7074160947396,36.2806356208269,57.5177121249689,62.1121209809121,85.1340822385452,122.7150518235
1986,9,6.52691502244352,6.4409090898169,19.893103981478102,26.1767131365547,45.0317304566775,86.3481915098556,120.57009130276,201.646020430927
1994,11,0.0869477126796066,0.6626623376792711,2.9757550326269704,2.17564340312352,6.65830284349633,40.1350730848598,144.247989365461,215.05865619472098
1980,9,14.8175228724207,51.344415574878795,68.4107045807294,94.13085283382921,93.01363549573651,91.4943683527886,106.089337275578,157.218940360294
1982,11,0.072862745305292,0.5341396083958541,5.54184564075514,5.897829446404481,11.857129766842899,55.392313797106105,91.05283315328809,127.392919860761
2014,6,50.7488889098947,105.86574681393499,116.84404357167699,186.488790822584,273.41400176951197,360.173443966723,367.154828829159,419.304741753472
2017,11,0.43918300611301797,3.27545454770073,12.5101342002874,30.157860447639603,50.46612312313721,59.0208975786858,59.9932521985672,77.830620218617
1986,7,13.2828823569651,7.170535718411349,11.1259731495153,36.319922484908,83.7918136837875,152.24683522163602,171.223107401143,255.349638088729
1987,3,13.4765555570243,14.0166720668604,19.239412758774396,20.848558137583197,56.347188094293,80.9672074343296,110.21515610485001,174.42574937214198
2016,4,50.298012994044704,125.09568170448401,243.600235266973,257.698635556716,207.463394114261,162.56212753437902,145.580852970492,172.40320386073398
1983,6,24.1777450865049,106.585762915673,147.340872329353,212.603783138778,305.955515704417,326.590385670358,292.038050300732,333.02585298208
1996,7,23.244908502814802,31.686769491968697,29.106895977149897,64.13336424125261,82.1556239342332,79.8604321302252,65.90464593287379,136.966834741045
2010,12,0.42133987074584,0.907711039938323,9.74327181979714,8.05702326514924,27.614184706461,56.110797825011794,87.9300837985269,119.875284273803
1988,6,13.1833006333341,15.5785064887159,24.853003323109398,90.296697681634,261.218835338777,325.85577102417597,318.742528637946,353.827829582747
1993,11,0.380679741000233,2.02144480564378,10.6191275395522,20.2715813710708,31.5377121542932,43.92456783766439,98.0331150760927,157.09400532843202
1980,7,73.97501317130201,126.372483717931,150.760352237113,217.40021708880298,272.50302832376497,262.591103898718,254.096603190182,349.986266360418
1989,11,1.69036601078666,0.42777597440963105,2.12825502982776,4.33407751589782,9.572171366799891,17.66028589787,34.0324066943643,69.1565891532011
1981,6,6.01037255257758,20.820568139676897,35.9472986709752,72.5399688898131,118.57673047108601,191.277234097745,248.14950491795503,274.233979395194
2006,10,15.924588228496802,58.6073539659574,86.55503355576691,92.6875968873963,114.18802829431401,137.807746009624,171.73781418927499,226.67502599908403
1982,9,33.2053986800579,86.76176957340981,196.663154282026,301.841751749201,299.46241275323996,249.68844420351897,214.622033490357,256.220167509961
2013,10,1.34043790902821,1.5013311701984,5.759848985608491,12.7633333244065,34.986530782379,56.3732048488678,57.196214764515894,95.24611119706499
1981,12,0.12687581624178298,0.361737011605269,1.11104027324375,0.44150387982065403,2.0140016604518602,20.310319161637,49.290822501229805,96.2135269450895
1984,7,347.13388888290496,441.048603850526,437.633406107858,491.21671336565805,481.272154619214,409.44305218027,346.325148641291,340.060503286909
1980,6,21.9449607758886,69.4228408398566,122.420755040726,176.57474397171399,322.564034676195,376.86113048107103,331.213168083941,354.877403298706
1997,12,1.40684967360344,4.25074676617786,11.001627501500302,6.549131808863129,10.49940930778,29.4154255434554,65.4326657500779,98.6793410895099
2000,2,2.65681045571208,5.916785713430349,21.5291442537068,37.463519295980795,88.84559891902269,150.473763260436,170.205453348269,210.76291979807
2007,3,6.42187582021153,20.4559415739465,23.0162751490638,23.940108556525697,29.903685489629197,27.7303257920641,32.3224676281827,58.480271248238296
1986,2,4.36006536320631,5.447954545329719,11.216543602063402,6.44471317321466,11.3429950151884,42.529581107991795,94.1770829885676,131.69686049823602
2015,8,104.82091502520001,149.163198099508,183.43013428041598,246.857612148551,318.056231087734,347.263357669749,341.105605195881,434.725994691676
1992,3,26.2544117853825,16.3843344055697,10.785503363018,11.992527131863302,35.065582383690604,76.750651586563,90.7141507360105,130.21015505334802
1985,5,3.91147058942276,23.7749999599023,60.0731039975314,139.926077625363,228.76194669244302,362.500133392659,403.38741801625804,479.349340631056
2002,5,120.453039151859,170.657499957394,230.794143894375,314.316511665758,325.123120020709,272.974946843817,266.702346069615,382.651486221826
1997,11,1.08188889164453,8.40693182348842,20.613557038866198,37.1877674738566,69.7996089557641,89.70129666683519,144.721553654318,217.20938036423303
2016,6,67.4780000284606,79.55605538170059,76.1176174279027,56.91961243503779,30.793410942677497,13.082566495353198,27.6971134838945,53.0155942902084
2016,10,9.931490192367551,35.0525162467709,58.7169296597474,70.6118604379107,96.2868303689306,142.91821137895,162.821500361284,177.90501280594899
2009,11,0.41421568420855603,2.14926948719174,10.8416610956755,13.7426821710527,47.73947593059,106.987340333614,165.560837811763,227.832286716432
1980,1,4.799052275176731,5.80686687096324,4.23708053932982,1.4038914724578,0.24866056516487603,1.30226064000299,13.7651713588498,65.3384754392836
1988,4,0.0784901969573077,1.20699675307404,6.4660067090877105,10.6585426373075,24.4744426093363,60.289029263435495,83.8811652364389,129.034186045329
1998,6,29.6579019794277,31.620357114773302,43.4822483226757,67.64621705639271,87.2117803925881,129.217233916546,141.825110639585,234.708746720346
2012,7,0.650359477478938,4.883977281969861,15.877617448368301,21.9488837020342,38.361247887825606,68.08367022428111,129.112665686277,201.61102069194303
2006,12,0.19207189506272898,0.036087662365602007,2.46062080039886,4.2804031086522505,26.699816968794103,100.207998712012,124.247593399594,218.791576503783
2013,1,10.155732041302802,9.47602272818361,9.72288590112088,6.64505426047384,7.531214644466091,10.610359052131699,21.2867174428708,36.4191860678276
2001,3,16.301058823642098,13.591038957238199,20.694194598385998,15.736961259398301,12.2191098280214,46.2443949169754,77.43467639769109,129.131744187624
2018,5,8.6255751657111,31.905860354374,43.6559731400253,68.4101860253386,100.79733770500602,178.076276591484,211.32386880890598,221.953682054229
2005,11,0.817398694861266,8.793620137231692,18.7718120841372,31.757627915966395,54.028843581379,92.4325465724823,203.04216309930197,286.185711320981
2010,11,7.30850327213483,20.2482954697175,37.7329195041784,33.2630387949389,31.310407650450898,46.950345805984895,90.07937555538271,131.463074933035
2018,7,28.2687319987545,70.4168343048591,93.56958061576691,125.21827912441499,125.304176098892,146.374581063047,155.946572843437,209.880555303214
1986,5,72.56709136838231,197.55425302084402,246.067332222958,340.246403113077,389.671197875367,405.408823794507,411.965285232207,461.432687646043
1991,11,0.9146143807134791,2.06417207023758,10.3092449906613,15.7679690139238,31.2632113098106,39.6909175622971,59.4595506977508,92.12131793985691
2003,11,1.8412352945716501,15.160389637018199,37.1389932856464,56.9306977087213,77.1264642883656,98.8500598592961,125.280533220418,177.315387646973
2002,12,1.80452940993108,4.50620129930049,8.88984899614131,3.63361240503227,12.7068552189381,35.6247473625427,88.1687965756233,130.706731180196
2003,3,0.5065555550937171,0.6081655846134599,1.80543624644712,0.029147286799757997,0.416206322697157,12.6666489291064,32.417418142174895,61.7044185421572
1996,12,0.358705882724448,6.515389593922861,9.725369107203198,10.461302338644499,12.091772043417402,18.0134640894038,38.2322467700816,73.7998062671001
1999,12,0.262405228171668,0.7203896118104219,3.6922147649734103,3.65531781838499,7.580765381988491,11.321968082437598,28.685255168325,64.7004004584418
1984,9,16.0715424976379,70.5072240086345,105.82802026223801,144.462527371192,178.782645442918,200.384840620325,175.665171388625,232.428359236212
1994,8,7.41903268329288,10.1447727288325,13.4260235062782,16.2365736248419,18.232762070761698,51.9133044601755,99.903183526695,214.177842369375
1993,5,64.8296796465037,128.219091099578,182.707902601101,254.392356529532,314.23262907463,414.65631632094704,482.66698409906303,499.87233807073403
2012,11,0.384385621587874,4.25141233832321,9.505402685908741,18.2185116403787,34.8946173082969,53.7237832343325,42.8846306651944,53.415361761738794
1980,2,9.99505228812204,13.133620121359101,22.6049328738411,26.037023230855798,64.1544509370394,166.664082413024,202.816031909951,229.069831818573
1992,6,135.654980440077,201.387045587812,227.50384196339002,356.282946493459,418.121780420897,377.672919121194,388.678209989015,416.14573663519303
2008,6,36.6656470382915,82.22892847928131,108.225687795037,143.816759609252,163.677578753124,177.41561836891998,198.540205688941,227.212080578471
1988,11,2.40264051814679,11.457467496395099,13.809312069175999,15.4885426336481,14.480216310742302,18.6197273820005,28.425872054612103,63.582054325468505
2014,11,0.608124184007056,6.099642838357481,15.546157724505301,27.0848682551421,22.146131449352698,12.730392269958598,41.190693068304604,77.6020155445858
1983,9,11.138196076265302,26.274318206765,50.929345587956,72.7093798881353,85.3901248430452,125.519494584266,165.941111823937,275.676420877146
2002,1,1.81670587761145,2.62379868889784,4.42268455718588,2.19220155671585,4.370565719102911,12.4875066436114,26.1323914901954,44.8331266644697
1986,6,39.87096076606729,168.134301860611,306.336610768465,389.64088331118995,460.644409535133,460.39091100084005,383.76257384649597,447.372248213421
1999,11,0.7974117664510709,0.0820129872904486,0.8923154381360079,2.35265116329456,6.920798667388881,18.8341156745211,51.6431759495092,93.48052980979901
2017,7,5.75417647103055,34.7345292828735,52.4967281810389,91.16651144101641,118.73910156224599,155.942872326425,180.137113566809,238.171110887552
1989,9,13.6359019645386,27.4636363278736,56.921476432941105,46.087798494146796,42.4692844749489,45.3069348424039,68.1033054592949,96.4443799297323
1979,12,1.07107843166108,17.8997565046098,49.835100658788,52.6017209888429,84.6122378842803,119.26992019186599,132.50953545029301,200.63357919500802
2011,5,1.5169869327175098,0.8653896089262241,6.3923657733522,15.5171007243238,43.9563062121586,59.057307207838,110.15578813981399,181.413772878721
2019,12,0.28789542323234,0.165389611059195,3.6014429502120398,6.19880621077478,11.327312808750401,14.0141223306034,27.321858346870798,62.170090478212
1999,2,0.5020784328551661,0.241493506396383,1.0319798652007701,6.32167442717351,11.5123544059409,24.8218018821579,37.6602437461685,62.87527141275329
2019,10,1.8723790825862,5.17167208235191,12.197718141113,13.204651154658599,28.108261254385198,68.8266887943795,94.37115765271619,135.68939284884
1984,1,5.00833986702746,2.76766232606749,4.34848994130719,0.5933798437172819,7.3817803720043305,25.3584242297158,37.2712414230178,87.7862529803924
1985,7,49.5834966995443,84.03589286432641,112.00577168176599,183.93581410489298,209.466530461875,215.91309179143698,192.22729589225497,242.18374724474398
1990,2,2.57489542584696,1.02798701286945,3.49654363433287,2.3557209234857996,8.0975707257151,33.7647739135205,53.408689994259994,74.1477778038005
2001,1,1.2010784313995801,0.248620130333372,2.41488254931912,6.13496124311242,46.371464172337895,85.19525937070242,120.167943726399,194.215387497145
1998,8,1.07414379224571,1.55352272606128,1.79963086989252,4.8548837282803206,32.8239933353494,120.51569145791099,191.766587744754,269.715568621337
2016,12,6.01689541918025,30.9171266509341,26.0644463085688,14.030620133322302,21.620757080949303,62.774494758311704,101.805994000402,145.72228716079
1986,12,0.8464771276059879,0.366120128529509,3.4811409401719904,6.09058915198485,6.33607320983378,18.0556183558829,29.1047372120714,38.8223513990102
1988,8,12.2089477266934,70.975957777593,122.95681178969801,206.61187618758302,288.475299346467,324.176336278307,298.611507953257,360.066472588275
1989,5,31.6573464086632,36.3567369905385,34.824865821223895,47.233612484895,45.585482472786296,65.4528655980496,90.80310734373329,119.75507756906
2014,4,0.9547973821633591,2.0448538928788604,11.6125000191496,17.5495658452081,49.3469967572344,91.35206792456042,108.177326652719,147.356305267768
1981,5,52.805241788855604,172.571444969673,259.639160770698,451.954588992097,643.367479524279,684.958503723145,639.461256737575,711.495025398195
2002,9,8.846392141265511,24.3403246743338,51.1104194221881,99.02437204464458,137.48693842895798,149.366522758565,187.43627572332,251.987273509496
1999,5,15.679111120718401,25.926217478591102,32.0455369229285,57.06595356076261,102.07952585712201,212.64270600866797,182.42356436178102,233.325543070948
1995,9,19.5731764794175,20.1187987319835,33.451862364807404,36.971906968050206,37.8980948064173,50.236110294118795,69.6712870659578,108.302829422076
1987,11,0.930189540144665,0.7795941564496359,1.66010067590056,1.9617829446182702,7.92748752461991,34.131529278974,77.4874639772588,105.228036264424
1994,9,1.69074510260443,11.812759719281,39.0680200885606,58.5512712729994,106.63653090630899,212.574986544061,222.282391788573,281.604289249548
1984,6,34.2627973861944,62.737451296348105,110.59859048600201,176.884620004107,232.18572400135898,297.001136718912,340.199085697543,375.68917296653603
1985,2,0.279366012686997,0.311298704403755,0.252080536885,0.138496122858668,0.7359983363388699,3.47948803415304,25.3806778665544,76.42587844345921
1981,8,37.4849477210076,42.231980560661896,87.3718960157177,122.11651165392999,152.432637260678,137.652978567367,131.086755428619,206.22118856740602
2002,2,0.17004575091688096,0.24112013013210998,0.203892617336406,3.80787597491529,47.604683862946395,110.386103742934,67.6685834130711,82.1847415697359
1997,9,23.6829019913024,83.3545293591239,158.196845765082,191.391395497877,216.189384193865,195.956389462694,194.900304609823,226.713229965486
2006,4,0.40527451184328706,4.68693182438418,17.777651061047603,44.8035038733667,71.73453412635159,156.48113698655,185.90437141412602,236.720012418367
1990,7,28.760470605597803,51.2852598800288,57.0133556479576,102.938790668813,121.02038287005699,140.487180978694,172.74035036736402,256.015387227061
2000,8,2.7074705898152995,12.6752272929706,25.858355748810897,28.8256589007932,67.4235773775324,211.007114831437,207.31370156281602,214.25024562904701
2011,10,6.47480392769904,7.83193182060495,11.3228523639225,14.127441851529,13.507329458032999,30.8912832134582,46.8037471161121,73.044095544544
1991,3,0.0105163396987455,0.0946266233993622,0.17684563786891502,0.202263565257538,0.9101164729525021,21.653577118646396,68.5504798918213,98.80192507268231
1998,2,12.4481699436538,17.1707954681539,24.2767281834311,16.8261085199755,15.404792025487001,13.087121000721499,16.796725073390903,21.208953481928
2002,11,0.0649934640543815,0.871233766390519,4.81248320489434,8.068775182061419,28.7712063035632,104.193477265378,174.74386154488602,249.310529694077
1979,4,10.173699361967302,11.745779225155198,13.722349017383499,12.989193791382101,21.880607307651502,39.136482681365706,43.61792078475779,73.5481266149871
2011,11,0.0526797385959356,1.03076298901654,6.52964764328411,13.891612381343698,28.714034961583,46.84570478949139,71.57581867993741,122.491925089242
1987,10,12.334326803080401,29.2608442058811,54.1413925734142,75.2540619073912,87.93002500708609,102.147765876131,122.790670184261,182.26660223278301
1997,6,260.333065511666,369.651639715418,417.069379256076,489.97463620208,532.569401085674,505.881928443909,501.52643545111505,502.273410373264
1986,1,0.157960784050569,0.0286038959392818,0.857651006674157,1.14034109053801,3.4196339490484102,17.4802326988825,38.9836405204256,76.6280620560165
1987,1,1.7171895406178501,1.10261363744155,0.6434228191708511,0.0200465115408103,0.0296921795156603,0.27109042547167606,5.8092155351551105,26.8056330175671
1983,7,113.785496804605,157.11047116812202,184.82847326393903,215.06517850890597,256.860515892803,264.96313801217605,264.500068583202,324.252738656924
2007,9,0.298261437787875,0.18524350752667001,0.9660067111722521,4.96187597469882,35.5317803742287,78.5448138282654,99.35993905514141,183.005374938019
2008,5,48.6194379201902,139.124253093422,262.620620561126,342.108635741241,474.844151285841,460.34118409867006,359.78474543644796,418.008604537609
2003,6,19.7723594902242,68.37175308264689,110.00593957965,189.367534797136,317.346672191398,472.737134162416,564.761576644537,642.54413476594
1997,5,29.647575143378898,123.54465889930701,151.63283572741,187.48931783040402,170.502687216202,178.662958799525,186.396131057914,192.74512906530398
2010,7,14.988705877592098,47.19428577361171,55.012500034882706,119.812914642807,184.741414550934,278.18601730022004,292.56833200679904,332.42930240286097
2012,10,7.24687582202913,38.2189123156396,54.8314596278555,93.27382949119391,94.5903327580101,66.456535963302,77.2774486033315,91.4800259198329
2019,9,7.36109804581437,5.73993505626711,17.457919447579698,42.6625581778297,78.2447088752531,90.7171675321904,100.461827899151,128.256227370072
1995,4,8.49727450565624,28.7488311064708,56.329647552247,113.72798440031299,156.527978309974,191.420053233492,200.928789114099,263.820710923937
1987,12,0.8228954262520171,0.800000004818082,6.29392616606424,7.18189150658689,12.1434192840946,18.6133843036827,45.8078369742936,81.3732428316614
2002,10,0.595941176741487,5.609724035280959,25.202936246291102,50.730883726962794,136.98926790462798,290.022665911532,379.94827864357103,491.73122758889997
2004,2,3.45383007256375,2.70662337836096,5.80394295123312,1.60072867636995,4.12069883522347,17.899042574649197,36.7809520192666,56.8941472051064
2014,1,3.52467320647237,2.3787662295697203,7.27827181044541,4.80475968850213,7.83152246846819,33.6840026451552,96.70796641882191,130.212945686754
2015,11,2.684032674611,10.9874999931856,20.3234899478071,24.1928837473078,17.1487687187465,26.582885638196398,52.954013716965704,104.420297090397
1991,5,34.5214378882565,88.54215910527608,169.42003365331,269.595349109265,495.973551999313,526.337732517973,475.14459245947603,434.388940362659
2006,11,0.508758171252127,0.21897727226862698,3.7100335458831095,3.6415038875022594,4.487495838802389,16.715551880762902,47.3161843024586,89.5962920127297
2000,4,11.028607847828901,17.4787337493587,23.446895971394202,28.465286781251898,33.483169731800295,72.4854786852573,110.32983997225901,141.72254540692302
1994,1,0.763071891731199,0.0979870136936086,0.29812080415603304,0.12089922500326701,1.82710482057853,14.3377792508567,26.468080726543697,50.5147415365668
1979,2,1.1798039215976002,2.43219155546084,3.9978523445972,4.346310070711509,16.3476372689563,17.680611689832602,18.0850723407147,34.0750387213951
1995,8,7.303091518585781,46.4161688693158,68.7465100160381,98.7452556580536,160.490665569083,293.588131838656,341.32837789147703,376.00031071547096
2003,2,0.5350718957134609,0.20215909132225898,0.633640940332373,0.0943410854757756,0.0023793677602601698,1.56800531674464,13.905316061728302,43.4663049010343
2009,2,2.94849019935659,3.2164772630173304,7.4334228361312995,3.72396899346233,9.10366056881808,27.417140987642302,50.338591030147,69.9637854918645
2013,2,2.66233332991917,3.32974025517303,10.5723154322063,12.139348813117499,39.1048669912256,49.439734070859096,84.5713861484339,161.760891522548
2011,2,3.3535359534781897,8.93948053161601,11.290083907347698,8.183968995095691,17.0412395888081,27.168377671628605,43.0382863572782,52.9951162510756
1987,5,55.869555517607495,80.8390260841939,98.91278522926692,125.562527039994,122.20947588700001,170.20402259015,191.50916220555303,225.889703035971
2011,8,19.278980382314,55.50126627203711,96.086745018927,169.480868352846,295.160773907247,331.959042518697,313.061911508135,371.835219351204
2017,6,56.6655359976237,102.61964293269399,116.962030103543,210.423225047976,313.703660187428,321.58393604197397,317.923915040829,376.987441661746
1996,2,0.12252287644576401,0.0953246751775989,0.11256711370930499,0.453224809173235,6.65709650940487,30.756881651409103,74.39449365068191,106.614974083518
2013,8,9.663699346352251,30.023555207562104,59.3566778074175,79.5940775730813,119.70953431026301,190.263603895269,241.97817943773498,327.232467927366
1983,4,3.57167320169655,7.7099026098799,23.560805397445698,33.3325581114422,41.6035108566284,100.42024613187701,161.878050247041,199.589496139408
1987,4,2.3320653631431,6.925178571761429,15.903137550033,21.272000007758802,24.388169712314202,57.066522610948404,115.673983371267,210.421576260904
2011,7,36.6916013256068,59.6144643727835,65.56174504196879,101.520526986529,165.106971639167,218.76686206777,219.42695352709802,323.101628049708
2018,6,42.6826405095119,64.7041558476238,68.406946207853,111.368930148339,149.527878480426,205.793430609906,279.012086599543,339.021757101212
2003,7,30.321803922902497,53.2779868980507,76.3919127483496,106.27998440764699,141.669509341832,168.50904260797702,216.957722695112,247.704586709193
2015,9,16.393215684960403,48.6206006322588,80.2461073510599,118.26671322963001,138.59190529237802,142.94951452600202,167.853328353289,186.367609521831
2005,1,4.25405228012941,7.5213798593227805,18.4659899266424,14.4322015334469,9.3355490876464,13.4660039897612,37.1632978345997,72.1843152428166
1987,9,3.55406535789249,20.892840895753398,51.6779027577215,87.04893017850179,117.396647185137,134.88602401347902,139.274470704798,198.22489684743198
2015,10,40.068424862735206,57.6072402898367,91.4798993424281,117.399147311662,135.376297771435,119.415565267522,110.72101319045,113.12282948161301
2019,6,18.4063333458468,58.8495129486183,82.64095624181249,139.83382962249,204.119475734412,373.398517446315,386.013137491986,418.001731202276
2004,12,0.0505555555321812,0.4385389607798839,5.346996646524481,13.841410813960001,44.7987437549724,33.314474705686,52.0803351870767,115.730697750121
1998,4,26.984346431299,45.800032504193204,67.6895639400354,73.3631627193717,71.47552410100342,74.34590422599871,78.06364812800109,116.467493431821
1991,10,2.24445752138089,17.2699675234518,36.332550332050204,52.3535502618597,80.46400168572809,82.2427858773698,77.1351485096219,109.656628000028
2011,3,1.55306535991384,4.684269494074701,9.45006713681173,21.8324031290158,36.2300333207142,59.20089098050239,90.16679369540769,158.491136910687
2018,3,0.0833333334392485,1.5011525971258601,3.83914430114447,17.9000465452209,41.1661397557885,87.3818485407119,144.213396774025,250.52572298666
1988,10,0.0,0.0198863637603384,4.62171140160637,8.260992241055929,27.616980028578897,69.5724600965672,133.732635383286,181.87976742530103
2019,8,0.0,0.43099025896955995,4.50974832303297,9.90080620304559,49.2855574215906,108.404827183865,155.448370068471,233.62102034418498
2015,6,0.0,0.32571428240119604,4.88870805442558,33.1526356809823,117.69549912660601,255.274275074614,343.280204987944,386.83625306516296
2016,9,0.0,0.0358603897069085,1.06697986523102,3.0909612439630596,18.7369966790725,45.646801890210895,74.49930701942179,119.11441859163999
1982,4,0.0,0.0196103894502505,6.84860741857114,16.8917518974275,28.9049334228535,41.035299176865394,47.8707692697587,89.87542642795451
